links,total count,unique count
https://en.wikipedia.org/wiki/Dhruv,42,30
https://en.wikipedia.org/w/index.php?title=Special:WhatLinksHere/Dhruv&namespace=0,42,30
https://en.wikipedia.org/w/index.php?title=Dhruv&oldid=1121413071,42,30
https://donate.wikimedia.org/wiki/Special:FundraiserRedirector?utm_source=donate&utm_medium=sidebar&utm_campaign=C13_en.wikipedia.org&uselang=en,42,30
https://en.wikipedia.org/w/index.php?title=Dhruv&oldid=1121413071,42,30
https://stats.wikimedia.org/#/en.wikipedia.org,42,30
https://en.wikipedia.org/wiki/Dhruv?action=edit,42,30
https://en.wikipedia.org/wiki/Special:WhatLinksHere/Dhruv,42,30
https://donate.wikimedia.org/wiki/Special:FundraiserRedirector?utm_source=donate&utm_medium=sidebar&utm_campaign=C13_en.wikipedia.org&uselang=en,42,30
https://stats.wikimedia.org/#/en.wikipedia.org,42,30
https://en.wikipedia.org/w/index.php?title=Special:WhatLinksHere/Dhruv&namespace=0,42,30
https://en.wikipedia.org/w/index.php?title=Dhruv&oldid=1121413071,42,30
https://donate.wikimedia.org/wiki/Special:FundraiserRedirector?utm_source=donate&utm_medium=sidebar&utm_campaign=C13_en.wikipedia.org&uselang=en,42,30
https://en.wikipedia.org/w/index.php?title=Dhruv&oldid=1121413071,42,30
https://stats.wikimedia.org/#/en.wikipedia.org,42,30
https://en.wikipedia.org/w/index.php?title=Dhruv&oldid=1121413071&action=edit,42,30
https://en.wikipedia.org/w/index.php?title=Special:UserLogin&returnto=Dhruv,42,30
https://en.wikipedia.org/w/index.php?title=Special:CreateAccount&campaign=anoneditwarning&returnto=Dhruv,42,30
https://en.wikipedia.org/wiki/Dhruv,42,30
https://donate.wikimedia.org/wiki/Special:FundraiserRedirector?utm_source=donate&utm_medium=sidebar&utm_campaign=C13_en.wikipedia.org&uselang=en,42,30
https://stats.wikimedia.org/#/en.wikipedia.org,42,30
https://en.wikipedia.org/wiki/Special:WhatLinksHere/Dhruv,42,30
https://donate.wikimedia.org/wiki/Special:FundraiserRedirector?utm_source=donate&utm_medium=sidebar&utm_campaign=C13_en.wikipedia.org&uselang=en,42,30
https://stats.wikimedia.org/#/en.wikipedia.org,42,30
https://en.wikipedia.org/w/index.php?title=Special:UserLogin&returnto=Dhruv,42,30
https://en.wikipedia.org/w/index.php?title=Special:CreateAccount&campaign=anoneditwarning&returnto=Dhruv,42,30
https://en.wikipedia.org/wiki/Dhruv,42,30
https://donate.wikimedia.org/wiki/Special:FundraiserRedirector?utm_source=donate&utm_medium=sidebar&utm_campaign=C13_en.wikipedia.org&uselang=en,42,30
https://stats.wikimedia.org/#/en.wikipedia.org,42,30
https://en.wikipedia.org/w/index.php?title=Dhruv&oldid=1121413071&action=edit,42,30
https://en.wikipedia.org/wiki/Special:UserLogin,42,30
https://donate.wikimedia.org/wiki/Special:FundraiserRedirector?utm_source=donate&utm_medium=sidebar&utm_campaign=C13_en.wikipedia.org&uselang=en,42,30
https://stats.wikimedia.org/#/en.wikipedia.org,42,30
https://en.wikipedia.org/wiki/Special:CreateAccount,42,30
https://donate.wikimedia.org/wiki/Special:FundraiserRedirector?utm_source=donate&utm_medium=sidebar&utm_campaign=C13_en.wikipedia.org&uselang=en,42,30
https://stats.wikimedia.org/#/en.wikipedia.org,42,30
https://en.wikipedia.org/wiki/Special:UserLogin,42,30
https://donate.wikimedia.org/wiki/Special:FundraiserRedirector?utm_source=donate&utm_medium=sidebar&utm_campaign=C13_en.wikipedia.org&uselang=en,42,30
https://stats.wikimedia.org/#/en.wikipedia.org,42,30
https://en.wikipedia.org/wiki/Special:CreateAccount,42,30
https://donate.wikimedia.org/wiki/Special:FundraiserRedirector?utm_source=donate&utm_medium=sidebar&utm_campaign=C13_en.wikipedia.org&uselang=en,42,30
https://stats.wikimedia.org/#/en.wikipedia.org,42,30
